V [m/s],i_n [deg],RPM,theta [deg],phi [deg],alpha [deg],theta0 [deg],theta1c [deg],diff theta1s [deg],diff coll [deg],elevator [deg],aileron [deg],rudder [deg],FX [N],FY [N],FZ [N],MX [N m],MY [N m],MZ [N m],P_req [kW],P_avail [kW],power margin [%],rotor lift [%W],wing lift [%W],rotor stall [%],stall margin [deg],reverse flow [%],adv tip Mach,status,flags
0.0,90.0,499.99999999999994,-0.0073617145168647655,2.8852069340410256e-13,-0.0073617145168647655,25.574891675958046,1.390928054534086,-8.861319718772332e-12,-1.5306851704398667e-11,3.477320136335215,-1.0204567802932446e-10,-2.215329929693083e-11,-1.9720740596085307e-09,1.151647653536476e-10,3.470340743660927e-07,8.713686838746071e-07,-8.637562132207677e-08,1.760781742632389e-09,1980.0015881516294,2284.1884300067322,13.317064295532145,99.9999999995085,0.0,24.404714764657747,-6.2123662043414365,0.0,0.6014104519004757,ok,rotor_stall
20.0,90.0,499.99999999999994,-3.1256817984334493,9.340119268273753e-11,-3.1256817984334493,23.69584083521709,4.515584771859629,2.1141030916516074e-09,3.088243574134084e-09,11.288961929649071,2.0588290494227226e-08,5.285257729129018e-09,1.9884828361682594e-07,1.8202983688710894e-08,-6.042595487087965e-06,-7.857441258073293e-06,-4.342156444181455e-06,-1.9781491955996074e-06,1731.2022481675758,2284.1884300067322,24.209306665541884,98.98598550862717,1.0140144999026925,19.185513751842656,-16.140664905196434,0.0,0.6601654844793367,ok,rotor_stall
40.0,90.0,499.99999999999994,-6.347964873555779,1.544132435906852e-12,-6.347964873555779,23.422891310542013,4.8031814348181205,1.2675896426835815e-12,4.012824515924951e-12,12.007953587045302,2.6752163439499674e-11,3.1689741067089537e-12,2.2743734007235616e-08,1.5795054478187395e-09,-1.1802476365119219e-06,-3.50630419198723e-07,-1.207708010042552e-06,1.1853279109964137e-08,1741.7700516251175,2284.1884300067322,23.746656416608158,109.48541309507888,-9.48541309342115,21.29098056167178,-18.69392080552843,0.46317829457364335,0.7192066660889043,ok,rotor_stall
30.0,60.0,499.99999999999994,20.954432835017215,-6.044432047623254e-10,20.954432835017215,20.225034232388488,-0.5966028328402689,2.54273234375973e-09,1.313461589767385e-09,-1.9886761094675636,1.1675214131265646e-08,8.475774479199101e-09,5.035290087107569e-07,-1.1542994303694046e-09,-8.468778105452657e-07,-9.202694818695937e-07,-1.5484220057260245e-06,-5.503536217059792e-07,1132.3203407235308,2284.1884300067322,50.42789264455762,77.4621551805782,22.537844820796927,13.77944855449571,-12.35343878396504,0.12919896640826875,0.6887021529909745,ok,rotor_stall;wing_stall
45.0,60.0,499.99999999999994,7.915384712048756,-3.150949230813384e-06,7.915384712048756,18.382984227550736,-0.7267186314324777,6.643397180254052e-06,1.9294042386564476e-06,-2.4223954381082593,1.7150259899168423e-05,2.214465726751351e-05,-0.00032154519976757,-0.0002322830590188018,-0.00011425824777688831,0.0022618011774167,-3.9310616557486355e-06,-0.016950345571537472,729.9685904899577,2284.1884300067322,68.04254058463091,39.80437275924164,60.195627338324634,3.678274978879755,-5.767708959542018,0.6350129198966409,0.72628787896604,ok,-
60.0,60.0,499.99999999999994,1.667155329482015,2.5748574390230727e-06,1.667155329482015,22.777663417486906,0.5352612871567354,-3.636159136190143e-06,-9.397068935806057e-07,1.7842042905224516,-8.352950165160941e-06,-1.2120530453967144e-05,7.834432835807092e-08,-0.00025782912068288534,1.555880589876324e-05,-0.0003618033437180618,2.3303826310439035e-05,0.01759838486632437,993.1777798873641,2284.1884300067322,56.51944617001511,50.43779401500529,49.56220596297175,6.722347389049607,-17.982382306868274,1.2144702842377262,0.7630679318770229,ok,rotor_stall
50.0,30.0,499.99999999999994,8.287869665576165,-3.163186679988839e-05,8.287869665576165,25.47649965969833,-0.5926558303467632,1.9356686887957387e-05,2.7366552669496113e-06,-5.926558303467633,7.297747378532299e-05,0.00019356686887957392,-0.0004423876143846428,-0.0002633629641426091,-0.0002739558694884181,0.01742908644517227,0.0017358856239297893,-0.07734174726808196,634.9508371913133,2284.1884300067322,72.20234421774731,24.613696470119315,75.38630382351072,2.4513618677042803,-29.684081184585384,0.18087855297157623,0.7023521158033633,ok,-
65.0,30.0,499.99999999999994,2.212697923579768,-4.3733472002860304e-10,2.212697923579768,31.483419744995675,0.22577053018623316,1.587927709358183e-10,2.315289336024983e-11,2.257705301862332,6.174104896066623e-10,1.5879277093581834e-09,-4.368212103145197e-08,-3.490639352145347e-09,-4.845787771046162e-09,-9.079373953816947e-07,-9.942232281900942e-08,-1.7788210427743614e-06,898.9668327815756,2284.1884300067322,60.64392845300743,35.37496123254455,64.62503876745991,3.683395230965668,-26.248029336598364,0.33139534883720934,0.7228372681740043,ok,-
80.0,30.0,499.99999999999994,-1.0862698967012818,-1.733832734960358e-10,-1.0862698967012818,37.06482671531618,0.7616836323855446,2.531244177730886e-11,7.638172100096703e-13,7.616836323855447,2.0368458933591212e-11,2.5312441777308865e-10,5.771198630100116e-08,-8.443025364246132e-08,6.468326319009066e-08,1.0744569298486669e-06,-1.201988197863102e-07,-3.555013452727349e-07,1464.6756807926733,2284.1884300067322,35.87763331817785,52.80415382799238,47.195846171914475,4.618290142325889,-21.577970915224935,0.46317829457364335,0.7465289308963222,ok,-
70.0,0.0,420.0,4.227765215869754,-4.733958541429281e-25,4.227765215869754,41.03469625613851,-0.0,0.0,0.0,-8.409527473130275,4.110178331705789e-27,6.04197285371442e-26,1.3220051187090576e-06,-5.581783373994178e-22,3.943569026887417e-09,-1.1759124388692096e-24,-1.4742647636012407e-06,-1.5440157956815833e-22,778.4496513597022,2284.1884300067322,65.92007729601328,7.166305729604899,92.83369427052756,0.23255813953488372,-1.1825390656870522,0.0,0.5598288437791497,ok,-
85.0,0.0,420.0,1.8576771542253963,7.641155712046164e-21,1.8576771542253963,46.34403809456259,-0.0,0.0,0.0,-5.249264928268606,3.472033314502337e-22,1.6213490888992128e-22,-1.5520795386692043e-06,9.505006742527571e-18,1.6622652765363455e-07,-6.096491577181862e-18,1.1592037481022999e-06,-6.109297477097116e-19,1159.6222093505219,2284.1884300067322,49.232637985689124,5.037180200608944,94.9628197990845,0.0,2.9452480045616936,0.0,0.5721825010985262,ok,-
100.0,0.0,420.0,0.5080334864197581,1.873906352089888e-25,0.5080334864197581,50.997388471195464,-0.0,-0.0,-0.0,-3.727209541235652,-1.5747763893057502e-28,-4.568407380027221e-27,-2.3561983653053176e-07,2.2727530627078996e-22,-6.883055903017521e-09,-3.663426021286229e-24,2.4201835913117975e-07,2.3825483005915294e-23,1712.8978951870804,2284.1884300067322,25.01065705940766,2.049303399305203,97.95069660070158,0.0,6.460338419379454,0.0,0.5892073004582059,ok,-
