t_s,segment,kind,altitude_m,V_h_mps,V_mps,ground_speed_mps,headwind_mps,climb_mps,gamma_deg,accel_mps2,nacelle_deg,nacelle_rate_deg_s,rpm,mass_kg,fuel_kg,distance_km,theta_deg,phi_deg,alpha_deg,collective_deg,theta1c_deg,elevator_deg,dcoll_deg,dcyc_deg,aileron_deg,rudder_deg,P_req_kW,P_avail_kW,rotor_stall_pct,rotor_stall_margin_deg,wing_alpha_deg,wing_alpha_margin_deg,tip_mach,reverse_pct,rotor_lift_pct,wing_lift_pct,trim_status,residual,flags,feasible
0.0,Take-off hover,hover,2000.0,0.0,0.0,0.0,0.0,0.0,0.0,0.0,90.0,0.0,550.0,7200.0,1470.0,0.0,-0.0074488349823866404,4.690993318080851e-13,-0.0074488349823866404,22.531171023530153,0.8288216575196887,2.072054143799222,2.6728485112758006e-11,6.860041978345085e-12,1.7818990075172003e-10,1.7150104945862712e-11,1988.8997819511005,2955.13708860714,12.249544626593808,-2.460933952965331,3.992551165017613,nan,0.6609812541970553,0.0,99.9999999992005,0.0,ok,3.3500446308130575e-11,rotor_stall,False
5.0,Take-off hover,hover,2000.0,0.0,0.0,0.0,0.0,0.0,0.0,0.0,90.0,0.0,550.0,7199.226538973686,1469.2265389736856,0.0,-0.007449446681659689,8.083227406166522e-11,-0.007449446681659689,22.5297969805495,0.828636488425333,2.0715912210633327,2.8546843046154387e-09,1.1036359768702383e-09,1.9031228697436258e-08,2.759089942175596e-09,1988.610745861096,2955.13708860714,12.249544626593808,-2.459325885386985,3.9925505533183405,nan,0.6609809702982623,0.0,100.00000001036224,0.0,ok,5.821986438048399e-10,rotor_stall,False
10.0,Take-off hover,hover,2000.0,0.0,0.0,0.0,0.0,0.0,0.0,0.0,90.0,0.0,550.0,7198.453190350296,1468.4531903502952,0.0,-0.007450058441945051,-6.293780169068812e-12,-0.007450058441945051,22.528423088766875,0.8284513455042548,2.071128363760637,1.7892465530136006e-11,-1.0582944434454846e-11,1.1928310353424004e-10,-2.6457361086137115e-11,1988.3217757578504,2955.13708860714,12.249544626593808,-2.457717945822212,3.9925499415580554,nan,0.6609806864396304,0.0,100.00000000126758,0.0,ok,2.8015114214716174e-11,rotor_stall,False
15.0,Take-off hover,hover,2000.0,0.0,0.0,0.0,0.0,0.0,0.0,0.0,90.0,0.0,550.0,7197.679954104167,1467.679954104167,0.0,-0.007450670302326645,-3.093895656380111e-10,-0.007450670302326645,22.527049353417524,0.8282662284310848,2.0706655710777118,-2.683077651854557e-09,-1.0358556184870551e-09,-1.7887184345697048e-08,-2.589639046217638e-09,1988.0328726149241,2955.13708860714,12.249544626593808,-2.4561102548448317,3.9925493296976735,nan,0.6609804026217735,0.0,99.99999999996716,0.0,ok,3.461021649934126e-13,rotor_stall,False
20.0,Take-off hover,hover,2000.0,0.0,0.0,0.0,0.0,0.0,0.0,0.0,90.0,0.0,550.0,7196.906830209261,1466.9068302092612,0.0,-0.007451282264761877,-7.328825687403127e-11,-0.007451282264761877,22.525675779159055,0.8280811364574361,2.0702028411435904,-2.047086195876742e-09,-8.705262861157304e-10,-1.3647241305844945e-08,-2.1763157152893257e-09,1987.7440370902118,2955.13708860714,12.249544626593808,-2.4545027480343817,3.9925487177352386,nan,0.6609801193578034,0.0,100.00000000946198,0.0,ok,3.8584770404355864e-10,rotor_stall,False
20.0,Vertical climb,vertical,2000.0,0.0,0.0,0.0,0.0,0.0,0.0,0.27777777777777785,90.0,0.0,550.0,7196.906830209261,1466.9068302092612,0.0,-1.629941152822778,3.479084527815581e-08,-1.629941152822778,22.531055122250745,0.8284710828890387,2.071177707222597,9.653486636241533e-07,3.524574034544133e-07,6.435657757494355e-06,8.811435086360332e-07,1988.8688116759174,2955.13708860714,12.249544626593808,-2.4597366616111853,2.370058847177222,nan,0.6609813083685547,0.0,99.9999999196315,0.0,ok,6.445468859169513e-07,rotor_stall,False
25.0,Vertical climb,vertical,2000.0,0.0,1.3888888888888888,0.0,0.0,1.3888888888888888,90.0,0.2777777777777784,90.0,0.0,550.0,7196.133381226943,1466.133381226943,0.0,0.007425632317448121,8.01197818338643e-12,-89.99257436768255,23.154090948711055,0.8421870042287727,2.105467510571932,3.9247578095809745e-10,1.4325226088936018e-10,2.616505206387316e-09,3.5813065222340046e-10,2116.0207789236065,2955.13708860714,13.021699532747288,-2.443108734313234,-85.99257436768255,nan,0.6611037725156436,0.0,102.91374370797845,-0.07886013989913927,ok,1.3087404086516605e-11,rotor_stall,False
30.0,Vertical climb,vertical,2006.9444444444443,0.0,2.5,0.0,0.0,2.5,90.0,0.0,90.0,0.0,550.0,7195.310484257361,1465.3104842573614,0.0,0.024599231721905816,-6.81237922839367e-13,-89.97540076827809,23.04020051951562,0.8196137024149531,2.049034256037383,3.0273572902747397e-10,1.164306709278008e-10,2.018238193516493e-09,2.91076677319502e-10,2082.712405430856,2953.074406277819,10.422111348697237,-1.780220215908423,-85.97540076827808,nan,0.6612547409726525,0.0,100.2629211252403,-0.2553486957198937,ok,4.3919569856604014e-11,rotor_stall,False
35.0,Vertical climb,vertical,2019.4444444444443,0.0,2.5,0.0,0.0,2.5,90.0,0.0,90.0,0.0,550.0,7194.500540544138,1464.5005405441382,0.0,0.024571672414267415,3.968077505279997e-12,-89.97542832758573,23.05432539343793,0.820625392507939,2.0515634812698478,8.751432605191853e-13,-2.1129131172057786e-11,5.834288403461235e-12,-5.2822827930144464e-11,2083.259915104821,2949.3643539286204,10.562023177846415,-1.795721020005817,-85.97542832758573,nan,0.6613556275869996,0.0,100.26262035098009,-0.2550565715220496,ok,1.6576140448932033e-10,rotor_stall,False
40.0,Vertical climb,vertical,2031.9444444444443,0.0,2.5,0.0,0.0,2.5,90.0,0.0,90.0,0.0,550.0,7193.690383910486,1463.6903839104864,0.0,0.024543660029254406,-9.601219708484717e-13,-89.97545633997075,23.068394077546195,0.8216529964383481,2.0541324910958703,1.5944027815360522e-12,-1.0047184885646531e-11,1.0629351876907014e-11,-2.5117962214116328e-11,2083.806245579743,2945.657868495851,10.562023177846415,-1.8111802651992088,-85.97545633997075,nan,0.661456562904486,0.0,100.26231980363106,-0.25476469715376865,ok,2.043417808074116e-11,rotor_stall,False
45.0,Vertical climb,vertical,2044.4444444444443,0.0,2.5,0.0,0.0,2.5,90.0,0.0,90.0,0.0,550.0,7192.880014814983,1462.880014814983,0.0,0.02451568947153845,1.939264094616696e-12,-89.97548431052846,23.082558748078007,0.8226463787256312,2.056615946814078,1.1821732181009998e-09,4.0149773352479984e-10,7.88115478734e-09,1.0037443338119996e-09,2084.358115243555,2941.954947602777,10.687415854914073,-1.8267044786472104,-85.97548431052846,nan,0.6615575469353321,0.0,100.26201953591696,-0.2544730745046522,ok,2.211520674765831e-12,rotor_stall,False
50.0,Vertical climb,vertical,2056.9444444444443,0.0,2.5,0.0,0.0,2.5,90.0,0.0,90.0,0.0,550.0,7192.0694311034995,1462.0694311034995,0.0,0.0244882954082775,-5.2619718972459746e-11,-89.97551170459172,23.096752081620938,0.8236451008922717,2.0591127522306794,-1.1701951056370808e-09,-4.103551060749177e-10,-7.801300704247205e-09,-1.0258877651872943e-09,2084.9131932900564,2938.2555888735415,10.831947414271006,-1.8422639338771891,-85.97551170459172,nan,0.6616585798824823,0.0,100.26171954604935,-0.2541817013413584,ok,2.3775145571322707e-10,rotor_stall,False
55.0,Vertical climb,vertical,2069.4444444444443,0.0,2.5,0.0,0.0,2.5,90.0,0.0,90.0,0.0,550.0,7191.2586315283315,1461.258631528331,0.0,0.024460938910218714,2.7401326354955605e-11,-89.97553906108979,23.11092135856486,0.8246668194100548,2.061667048525137,2.134926319539038e-09,7.336221163935158e-10,1.4232842130260252e-08,1.8340552909837896e-09,2085.4682382836686,2934.5597899331647,10.831947414271006,-1.8578220270698598,-85.97553906108978,nan,0.6617596617441219,0.0,100.26141977776454,-0.2538905770535115,ok,3.2802314903421276e-10,rotor_stall,False
60.0,Vertical climb,vertical,2081.9444444444443,0.0,2.5,0.0,0.0,2.5,90.0,0.0,90.0,0.0,550.0,7190.447616102332,1460.447616102332,0.0,0.024433612530991272,1.5141355301125646e-12,-89.97556638746902,23.12518177008581,0.8256969364143202,2.0642423410358006,4.175668462801093e-10,2.0747026012363197e-10,2.7837789752007284e-09,5.186756503090799e-10,2086.0271565994262,2930.867548407555,10.986378395501703,-1.8734827320685166,-85.975566387469,nan,0.6618607925174792,0.0,100.26112026276226,-0.25359970218062433,ok,1.2829974446432674e-10,rotor_stall,False
65.0,Vertical climb,vertical,2094.4444444444443,0.0,2.5,0.0,0.0,2.5,90.0,0.0,90.0,0.0,550.0,7189.63638331921,1459.63638331921,0.0,0.0244060413884121,6.194990221819254e-13,-89.9755939586116,23.139483468339982,0.8267832193735326,2.0669580484338317,-1.6057152458118852e-11,-2.4187143971312706e-13,-1.0704768305412568e-10,-6.046785992828177e-13,2086.588685947112,2927.1788619234976,11.155328528813916,-1.8892425946348612,-85.97559395861158,nan,0.6619619722610612,0.0,100.2608210231182,-0.25330907456321927,ok,3.098850552389823e-11,rotor_stall,False
70.0,Vertical climb,vertical,2106.9444444444443,0.0,2.5,0.0,0.0,2.5,90.0,0.0,90.0,0.0,550.0,7188.824932163564,1458.8249321635637,0.0,0.024378167598722526,4.262208762699173e-12,-89.97562183240127,23.15372403893999,0.827820930059199,2.0695523251479977,7.905703028363498e-10,2.6761414631602226e-10,5.270468685575666e-09,6.690353657900556e-10,2087.149203758237,2923.493728108661,11.155328528813916,-1.9048912378302707,-85.97562183240127,nan,0.6620632008792844,0.0,100.26052203206322,-0.25301869900680346,ok,1.128951394762896e-10,rotor_stall,False
75.0,Vertical climb,vertical,2119.4444444444443,0.0,1.3888888888888893,0.0,0.0,1.3888888888888893,90.0,-0.27777777777777657,90.0,0.0,550.0,7188.013263028769,1458.013263028769,0.0,0.007771302903866265,2.7737096876680135e-12,-89.99222869709614,22.567656777799858,0.7947874734441074,1.9869686836102685,8.994670842213997e-10,3.084653035297713e-10,5.9964472281426645e-09,7.711632588244282e-10,1965.603759139371,2919.812144591595,10.09345054248832,-1.7912581464199195,-85.99222869709612,nan,0.6619124378099884,0.0,97.24777425404879,-0.07800609625938239,ok,4.642143420972843e-11,rotor_stall,False
80.0,Vertical climb,vertical,2126.3888888888887,0.0,0.0,0.0,0.0,0.0,0.0,-0.27777777777777657,90.0,0.0,550.0,7187.248861566882,1457.2488615668815,0.0,1.615096627877074,-1.2402654490124583e-11,1.615096627877074,22.674653453237458,0.8381756177831101,2.095439044457775,-5.892468302030545e-10,-2.1517924473763906e-10,-3.928312201353697e-09,-5.379481118440977e-10,1993.9854615558274,2917.7683536221293,12.852749399435073,-2.6191500794802645,5.615096627877074,nan,0.6620002292009447,0.0,99.99999999909289,0.0,ok,7.58291125658688e-11,rotor_stall,False
80.0,Conversion (hover -> airplane),conversion,2126.3888888888887,0.0,0.0,0.0,0.0,0.0,0.0,0.0457516339869281,90.0,0.0,550.0,7187.248861566882,1457.2488615668815,0.0,-0.27470586332715247,-5.7277315264663836e-12,-0.27470586332715247,22.66989691370985,0.8377889051649017,2.0944722629122543,-3.8194182449434065e-10,-1.8136793162190746e-10,-2.546278829962271e-09,-4.5341982905476866e-10,1992.9841548764866,2917.7683536221293,12.852749399435073,-2.6129779576594676,3.725294136672847,nan,0.6619994655501393,0.0,100.00000000350099,0.0,ok,1.0979593457012933e-10,rotor_stall,False
82.0,Conversion (hover -> airplane),conversion,2126.3888888888887,0.12200435729847495,0.12200435729847495,-0.12799564270152505,0.25,0.0,0.0,0.13725490196078427,90.0,0.0,550.0,7186.938841809457,1456.9388418094563,0.0,-0.8199205921167485,1.1332704673538997e-08,-0.8199205921167485,22.670581345446497,0.8581368970122571,2.145342242530643,1.4653710659826018e-06,7.697899573359745e-08,9.769140439884012e-06,1.9244748933399362e-07,1993.3610179958077,2917.7683536221293,12.852749399435073,-2.6148733267936444,3.1800794078832513,nan,0.6622157800991841,0.0,99.99996754464689,0.0,ok,1.1039741252542564e-06,rotor_stall,False
84.0,Conversion (hover -> airplane),conversion,2126.3888888888887,0.45751633986928114,0.45751633986928114,-0.04248366013071886,0.5,0.0,0.0,0.22875816993464063,90.0,0.0,550.0,7186.628763428879,1456.6287634288792,-0.0002559912854030501,-1.4038581300400255,2.443373295422476e-12,-1.4038581300400255,22.67270926495706,0.9515001389592231,2.378750347398058,-8.441127934932626e-12,-1.957423196697282e-12,-5.6274186232884174e-11,-4.893557991743205e-12,1994.8790665184795,2917.7683536221293,12.860008975475834,-2.6394184017905573,2.5961418699599745,nan,0.6632231782530589,0.0,100.00000000112168,0.0,ok,1.5161919449511218e-11,rotor_stall,False
86.0,Conversion (hover -> airplane),conversion,2126.3888888888887,1.0065359477124183,1.0065359477124183,0.2565359477124183,0.75,0.0,0.0,0.320261437908497,90.0,0.0,550.0,7186.318448907421,1456.3184489074208,-0.00034095860566448784,-2.020138931334451,4.838201656468206e-11,-2.020138931334451,22.674858221115997,1.0989419495480581,2.747354873870145,2.0087446375533195e-09,7.399693973814715e-10,1.3391630917022128e-08,1.8499234934536786e-09,1997.0839059556474,2917.7683536221293,12.775533908819725,-2.710757179050506,1.9798610686655491,nan,0.6648701450292601,0.0,99.9958858677208,0.0041141324572431665,ok,1.8008761730006163e-12,rotor_stall,False
88.0,Conversion (hover -> airplane),conversion,2126.3888888888887,1.769063180827887,1.769063180827887,0.7690631808278869,1.0,0.0,0.0,0.4117647058823522,90.0,0.0,550.0,7186.007791410939,1456.0077914109388,0.00017211328976034874,-2.668743819284172,-3.204477564698433e-08,-2.668743819284172,22.6756987480428,1.2935058600064686,3.2337646500161714,-3.88792931824847e-07,-5.054624276296773e-07,-2.591952878832313e-06,-1.2636560690741934e-06,1999.6911700240357,2917.7683536221293,12.775533908819725,-2.8649792840737853,1.331256180715828,nan,0.6671540346551024,0.0,99.99239508945884,0.00760516618003798,ok,1.96256883121242e-07,rotor_stall,False
90.0,Conversion (hover -> airplane),conversion,2126.3888888888887,2.745098039215687,2.745098039215687,1.4950980392156872,1.25,0.0,0.0,0.5490196078431371,90.0,0.0,550.0,7185.696728340046,1455.696728340046,0.0017102396514161228,-3.6168972057071698,-4.172646884939936e-12,-3.6168972057071698,22.678796991668005,1.526080466593742,3.815201166484355,-4.7444201669511556e-12,-3.076873593702466e-12,-3.162946777967437e-11,-7.692183984256165e-12,2003.4541206473777,2917.7683536221293,12.361078113038198,-3.118696834816592,0.3831027942928302,nan,0.6700710369762685,0.0,99.99980954846444,0.00019044956783001535,ok,2.0500311500874038e-11,rotor_stall,False
92.0,Conversion (hover -> airplane),conversion,2126.3888888888887,3.9651416122004357,3.9651416122004357,2.4651416122004357,1.5,0.0,0.0,0.686274509803923,90.0,0.0,550.0,7185.385079921279,1455.3850799212787,0.004700435729847497,-4.603453231190383,1.3128293616496627e-11,-4.603453231190383,22.681228369881836,1.792488054130629,4.481220135326573,9.968420704961648e-10,6.44412136144066e-10,6.645613803307764e-09,1.611030340360165e-09,2007.7386382039122,2917.7683536221293,12.17941118356056,-3.5471570111906043,-0.6034532311903834,nan,0.6737053995307591,0.0,100.03879411807507,-0.03879411475670223,ok,4.473950147538009e-10,rotor_stall,False
94.0,Conversion (hover -> airplane),conversion,2126.3888888888887,5.398692810457518,5.398692810457518,3.6486928104575176,1.7500000000000002,0.0,0.0,0.7777777777777788,90.0,0.0,550.0,7185.072765022002,1455.0727650220026,0.00963071895424837,-5.35865724580253,-1.752351635148941e-07,-5.35865724580253,22.672039128883046,2.0743660770035453,5.185915192508863,-1.7485838984103963e-06,-7.019083074848523e-07,-1.165722598940264e-05,-1.7547707687121308e-06,2010.2657796004512,2917.7683536221293,11.239508255043287,-4.281426497372676,-1.3586572458025301,nan,0.6779605680181084,0.0,100.12661527486948,-0.1266333582585381,ok,1.1949113760891879e-06,rotor_stall,False
96.0,Conversion (hover -> airplane),conversion,2126.3888888888887,7.000000000000001,7.000000000000001,5.000000000000001,2.0,0.0,0.0,0.8235294117647022,90.0,0.0,550.0,7184.760057011843,1454.7600570118425,0.016928104575163402,-5.877066262247483,1.902796106311932e-12,-5.877066262247483,22.646398799035506,2.3543097368019668,5.885774342004917,-5.546222080580094e-11,-3.557825258811781e-11,-3.697481387053396e-10,-8.894563147029452e-11,2009.6444612141863,2917.7683536221293,11.034027960960168,-5.237515687857378,-1.8770662622474836,nan,0.6826986332285372,0.0,100.2743662935517,-0.27436629191521533,ok,1.1422545720459917e-10,rotor_stall,False
98.0,Conversion (hover -> airplane),conversion,2126.3888888888887,8.647058823529413,8.647058823529413,6.397058823529413,2.25,0.0,0.0,0.8235294117647022,90.0,0.0,550.0,7184.447445651209,1454.4474456512091,0.0269281045751634,-6.1374813217402515,3.5089462195932764e-11,-6.1374813217402515,22.59636582431431,2.6064370650917112,6.516092662729278,-6.397673690407806e-10,3.122572400645986e-12,-4.265115793605204e-09,7.806431001614965e-12,2004.3305113652063,2917.7683536221293,11.090063034223293,-6.184885880649776,-2.1374813217402515,nan,0.6875602843165138,0.0,100.46248638206615,-0.4624863802065365,ok,4.5554187000174154e-11,rotor_stall,False
100.0,Conversion (hover -> airplane),conversion,2126.3888888888887,10.294117647058824,10.294117647058824,7.794117647058824,2.5,0.0,0.0,0.8235294117647022,89.8529411764706,-0.4117647058823333,550.0,7184.135660904996,1454.1356609049967,0.03972222222222223,-6.249147833412922,6.132213527101902e-11,-6.249147833412922,22.532763496590718,2.810504270313576,7.026306963214688,2.008453492392088e-09,7.847735191388736e-10,1.3389778157557348e-08,1.9619467226273755e-09,1996.0461055079818,2917.7683536221293,11.148956394312648,-7.074557673429902,-2.2491478334129216,12.750852166587078,0.6924090875777413,0.0,100.67805245649889,-0.6780524577207551,ok,1.382570084606046e-11,rotor_stall,False
102.0,Conversion (hover -> airplane),conversion,2126.3888888888887,11.941176470588234,11.941176470588234,9.191176470588234,2.75,0.0,0.0,0.8235294117647022,89.02941176470588,-0.4117647058824044,550.0,7183.82516484414,1453.8251648441399,0.05531045751633988,-5.693262117598652,2.6264213264016785e-11,-5.693262117598652,22.429456476373225,2.9126681470312943,7.283760331964088,2.6865580838552386e-09,1.3715927216846666e-09,1.7915527814268357e-08,3.4299659808481763e-09,1977.512395319895,2917.7683536221293,11.083437933540331,-7.848734323971168,-1.6932621175986524,13.306737882401347,0.6972406056164153,0.0,100.69775052616568,-0.6977505189364148,ok,5.802163440075243e-10,rotor_stall,False
104.0,Conversion (hover -> airplane),conversion,2126.3888888888887,13.588235294117645,13.588235294117645,10.588235294117645,3.0,0.0,0.0,0.8235294117647022,88.20588235294117,-0.4117647058823333,550.0,7183.517551804868,1453.517551804868,0.07369281045751634,-5.141202919085077,-1.1495107220877202e-11,-5.141202919085077,22.30452745812506,2.9785660849888798,7.453721348850652,-5.012211367584833e-11,-1.213621964889715e-10,-3.344752771144998e-10,-3.0370318102800517e-10,1954.1889607140226,2917.7683536221293,11.107075643015154,-9.500145085491088,-1.1412029190850772,13.858797080914922,0.702060286462559,0.0,100.62998533695705,-0.6299853392289931,ok,4.3786276747084546e-11,rotor_stall,False
106.0,Conversion (hover -> airplane),conversion,2126.3888888888887,15.23529411764706,15.23529411764706,11.98529411764706,3.25,0.0,0.0,0.8235294117647111,87.38235294117646,-0.4117647058823333,550.0,7183.213566855424,1453.2135668554236,0.09486928104575164,-4.595127312934705,-1.2600851062750692e-12,-4.595127312934705,22.159299643973878,3.0100968360809444,7.540971122673038,-2.6350429831517143e-11,-6.193012676657746e-12,-1.7603671133114735e-10,-1.551489280917216e-11,1926.3868064815304,2917.7683536221293,11.254555194740776,-10.175570116227387,-0.5951273129347051,14.404872687065295,0.7068694543883891,0.0,100.45479980269266,-0.4547998055578724,ok,4.900143458453131e-11,rotor_stall,False
108.0,Conversion (hover -> airplane),conversion,2126.3888888888887,16.88235294117647,16.88235294117647,13.382352941176471,3.5000000000000004,0.0,0.0,0.8235294117647199,86.55882352941177,-0.4117647058823333,550.0,7182.913906685526,1452.9139066855264,0.11883986928104576,-4.057185064725282,2.2553124430540683e-08,-4.057185064725282,21.99519621706963,3.0088227003952697,7.54925559821987,-6.44445783927115e-07,-7.484696751758396e-07,-4.311840146133648e-06,-1.8779401274381249e-06,1894.5234215300711,2917.7683536221293,11.255170588040638,-10.712772576021214,-0.057185064725281766,14.942814935274718,0.7116695790175561,0.0,100.15410231157816,-0.15409842577882205,ok,3.5199156742240367e-07,rotor_stall,False
110.0,Conversion (hover -> airplane),conversion,2126.3888888888887,18.52941176470588,18.52941176470588,14.77941176470588,3.75,0.0,0.0,0.8235294117647022,85.73529411764706,-0.4117647058824044,550.0,7182.619203042177,1452.6192030421773,0.1456045751633987,-3.5304820189205586,-6.919069538242343e-12,-3.5304820189205586,21.81433512409876,2.9770074789702514,7.483905225664045,-6.815524885376799e-10,-3.624366223818364e-10,-4.568949874720774e-09,-9.111301706079982e-10,1859.163157059711,2917.7683536221293,11.172895897048893,-11.112869672337467,0.4695179810794415,14.530482018920559,0.7164616746778902,0.0,99.71268594190903,0.2873140569461995,ok,5.879162323032504e-11,rotor_stall,False
112.0,Conversion (hover -> airplane),conversion,2126.3888888888887,20.176470588235293,20.176470588235293,16.176470588235293,4.0,0.0,0.0,0.8235294117647022,84.91176470588235,-0.4117647058823333,550.0,7182.329999884412,1452.3299998844125,0.17516339869281047,-3.017776954071649,4.3170316181328536e-11,-3.017776954071649,21.618995422774923,2.916957670751023,7.350210018905715,-1.3528400583103276e-09,-8.036994512170889e-10,-9.090437981807156e-09,-2.0251784308559802e-09,1820.9276579387533,2917.7683536221293,11.245522383118473,-11.368548325272569,0.9822230459283512,14.01777695407165,0.7212464122365129,0.0,99.11797317203269,0.8820268261596095,ok,2.4539240072969813e-11,rotor_stall,False
114.0,Conversion (hover -> airplane),conversion,2126.3888888888887,21.823529411764707,21.823529411764707,17.573529411764707,4.25,0.0,0.0,0.8235294117647022,84.08823529411765,-0.4117647058823333,550.0,7182.046744470956,1452.0467444709554,0.20751633986928103,-2.521596777282043,2.067328103677183e-10,-2.521596777282043,21.411780956819996,2.8312171438600675,7.153934202011017,-3.215871797645231e-09,-4.1203219055394365e-09,-2.1669017550607622e-08,-1.0411250817429586e-08,1780.5037197973763,2917.7683536221293,11.294323653874216,-11.48025483550644,1.4784032227179569,13.521596777282044,0.7260242260205282,0.0,98.36016719641044,1.6398327888842261,ok,4.298633248963572e-10,rotor_stall,False
116.0,Conversion (hover -> airplane),conversion,2126.3888888888887,23.470588235294116,23.470588235294116,18.970588235294116,4.5,0.0,0.0,0.8235294117647022,83.26470588235294,-0.4117647058824044,550.0,7181.769777225653,1451.7697772256536,0.24266339869281045,-2.0468349063132587,-1.6988775030827498e-11,-2.0468349063132587,21.196175581309387,2.723332793051986,6.903287995489384,-1.2418896909868968e-09,-8.367911215464854e-10,-8.394735761401758e-09,-2.121154681808174e-09,1738.7111541564686,2917.7683536221293,11.190515724105866,-11.493794430385744,1.9531650936867413,13.046834906313258,0.7307946142895876,0.0,97.43596418621614,2.5640358162552843,ok,4.402117908576714e-11,rotor_stall,False
118.0,Conversion (hover -> airplane),conversion,2126.3888888888887,25.11764705882353,25.11764705882353,20.36764705882353,4.75,0.0,0.0,0.8235294117647199,82.44117647058823,-0.4117647058823333,550.0,7181.499311046118,1451.499311046118,0.2806045751633987,-1.5981953852466158,-4.036186143519232e-12,-1.5981953852466158,20.976120589499974,2.597113527914249,6.607112132256238,-2.947411164617614e-10,-4.15499842112546e-10,-1.9995404749859165e-09,-1.0570404482768517e-09,1696.3798063568095,2917.7683536221293,11.099516111879188,-11.439797250266887,2.4018046147533845,12.598195385246616,0.7355565234222473,0.0,96.34713454007658,3.652865456855267,ok,7.430470323286269e-11,rotor_stall,False
120.0,Conversion (hover -> airplane),conversion,2126.3888888888887,26.764705882352942,26.764705882352942,21.764705882352942,5.0,0.0,0.0,0.8235294117647022,81.61764705882354,-0.4117647058823333,550.0,7181.2354297429065,1451.235429742907,0.32133986928104574,-1.1781522920505856,-1.3615574824494316e-06,-1.1781522920505856,20.75456488133259,2.455331911832268,6.271609768630587,1.3817075632145183e-06,4.0725190336748204e-06,9.411388181057626e-06,1.0402361502103025e-05,1654.2497225014702,2917.7683536221293,10.731772219265567,-11.313116247226088,2.8218477079494146,12.178152292050585,0.7403083476921506,0.0,95.09741848815649,4.902583341838882,ok,3.817430369754907e-07,rotor_stall,False
122.0,Conversion (hover -> airplane),conversion,2126.3888888888887,28.41176470588235,28.41176470588235,23.41176470588235,5.0,0.0,0.0,0.8235294117647022,80.79411764705883,-0.4117647058824044,550.0,7180.9781020082955,1450.9781020082955,0.36486928104575167,-0.7905562462538849,8.601357616640629e-10,-0.7905562462538849,20.536739737573093,2.3023244415597817,5.906997216895308,-5.005047071428936e-09,-5.174316304510419e-09,-3.424342064935748e-08,-1.3275571182909421e-08,1613.1397747407848,2917.7683536221293,10.67013533114213,-11.146004423254045,3.209443753746115,11.790556246253885,0.7450478236231467,0.0,93.6974521760066,6.302547813059977,ok,8.49210485013335e-10,rotor_stall,False
124.0,Conversion (hover -> airplane),conversion,2126.3888888888887,30.058823529411764,30.058823529411764,25.058823529411764,5.0,0.0,0.0,0.8235294117647199,79.97058823529412,-0.4117647058823333,550.0,7180.7271691544465,1450.727169154447,0.4116928104575164,-0.43369640825022343,3.5095577225130513e-12,-0.43369640825022343,20.32751060383292,2.141021095934905,5.519970731462254,-1.9132120009795174e-11,2.06398347926414e-12,-1.3153691658048454e-10,5.321352702872236e-12,1574.0397045715088,2917.7683536221293,10.296608474146785,-11.35516843637473,3.5663035917497767,11.433696408250224,0.7497727457130123,0.07751937984496125,92.15108728447613,7.848912713450675,ok,4.4537146575183156e-11,rotor_stall,False
126.0,Conversion (hover -> airplane),conversion,2126.3888888888887,31.705882352941178,31.70597105875401,26.705882352941178,5.0,0.07500000000000007,0.1355324352950363,0.8237044972378796,79.1470588235294,-0.4117647058823333,550.0,7180.482318533735,1450.482318533736,0.4618104575163399,-0.11158397823411974,4.955466524047384e-12,-0.24711641352915606,20.197512920143915,1.9951619753106868,5.171239318808101,5.555553293349259e-12,-3.1119337701568244e-11,3.839834691293215e-11,-8.065788376533071e-11,1548.667755874556,2917.7683536221293,10.090003471944023,-11.341069125441154,3.752883586470844,11.247116413529156,0.7544569309907259,0.12919896640826875,90.85282123285226,9.169900063872914,ok,3.091322211054731e-11,rotor_stall,False
128.0,Conversion (hover -> airplane),conversion,2126.538888888889,33.35294117647059,33.35370009640771,28.352941176470587,5.0,0.22499999999999978,0.3865132843095303,0.8240165964360805,78.32352941176471,-0.4117647058824044,550.0,7180.2414146606,1450.2414146606,0.5152222222222222,0.17973323092305704,2.2269398311544755e-06,-0.20678005338647326,20.151579096602422,1.8699465639240325,4.874525750990235,-2.467663879948926e-06,-7.33075890846295e-06,-1.7153703903862908e-05,-1.910962257585422e-05,1537.191007654367,2917.72421981604,9.867440321405413,-11.04588878478857,3.793219946613527,11.206780053386474,0.7590937981802309,0.12919896640826875,89.85558253222054,10.210100478467517,ok,6.32731875452429e-07,rotor_stall,False
130.0,Conversion (hover -> airplane),conversion,2126.9888888888886,35.0,35.00200887092054,30.0,5.0,0.3749999999999999,0.6138598631093278,0.8242856575050431,77.5,-0.4117647058824044,550.0,7180.002296059409,1450.0022960594092,0.5719281045751635,0.4360462586239306,3.741471386587733e-10,-0.17781360448539726,20.13045452137053,1.750205113079664,4.590562775280778,-1.01424508824594e-09,-1.7109666430977563e-09,-7.09395824495953e-09,-4.4876453181714405e-09,1529.0488683355713,2917.5918214620087,9.609597560486298,-11.001676675416777,3.8221863955146027,11.177813604485397,0.7637005179845132,0.18087855297157623,88.82737501675251,11.27842281796291,ok,1.0312427640896677e-10,rotor_stall,False
132.0,Conversion (hover -> airplane),conversion,2127.7388888888886,36.64705882352941,36.65081916431371,31.647058823529413,5.0,0.525,0.820754179827452,0.8245192341034261,76.67647058823529,-0.4117647058824044,550.0,7179.7644440132235,1449.7644440132237,0.6319281045751635,0.6490469629874557,4.1848784317006277e-07,-0.1717072168399963,20.138184249133516,1.6404870442419055,4.331236188220532,-1.2829119636146693e-06,-1.724273287050484e-06,-9.032430935861418e-06,-4.552449765128266e-06,1524.2911907360433,2917.371167752481,9.306728029218565,-10.688703613582204,3.828292783160004,11.171707216839996,0.7682703166119287,0.18087855297157623,87.81579048451866,12.327726359753239,ok,9.190262701769725e-07,rotor_stall,False
134.0,Conversion (hover -> airplane),conversion,2128.788888888889,38.294117647058826,38.300066205775444,33.294117647058826,5.0,0.6750000000000002,1.0098325505149897,0.8247232946404984,75.85294117647058,-0.4117647058823333,550.0,7179.52733205022,1449.5273320502204,0.6952222222222223,0.8310010761846777,1.5858619198000298e-07,-0.17883147433031193,20.174443820200192,1.538887254523942,4.091640415169237,-4.281173288723154e-07,-5.825832939862445e-07,-3.03544379892887e-06,-1.5489902485506956e-06,1523.23290745754,2917.0622740073773,9.15133300758372,-10.39084613525489,3.8211685256696883,11.178831474330313,0.7728011329422679,0.2138242894056848,86.80558135961812,13.373642194792515,ok,3.175170973650568e-07,rotor_stall,False
136.0,Conversion (hover -> airplane),conversion,2130.1388888888887,39.94117647058824,39.949695904407974,34.94117647058824,5.0,0.8250000000000003,1.1832975800614451,0.8249026049116984,75.02941176470588,-0.5294117647058978,550.0,7179.29038470906,1449.2903847090604,0.7618104575163399,0.9843512731087019,7.627364329533911e-12,-0.19894630695274323,20.24232222870662,1.4462511268722718,3.8741534069307915,1.546893337672871e-11,-1.4903246442528662e-11,1.1049998132785173e-10,-3.9922155915285105e-11,1526.3041156390705,2916.665161672874,8.9123624387501,-10.365740063666328,3.8010536930472565,11.198946306952744,0.7772891442151674,0.33139534883720934,85.80821657919729,14.405020278611033,ok,4.0062446458286576e-11,rotor_stall,False
138.0,Conversion (hover -> airplane),conversion,2131.788888888889,41.58823529411764,41.59966273756185,36.58823529411764,5.0,0.9749999999999996,1.3430036962317966,0.8250610072779444,72.61764705882354,-1.235294117647071,550.0,7179.052959624405,1449.0529596244055,0.8316928104575164,1.9372869180855359,-6.730207651383702e-12,0.5942832218537394,20.141083128565604,1.1231605483555833,3.083063878550659,1.9482161113488082e-11,2.3370302304501875e-11,1.426088723006758e-10,6.415123374063515e-11,1478.2337737965668,2916.17985831968,8.082540533297601,-9.569928984576825,4.59428322185374,10.40571677814626,0.7813107760837539,0.39728682170542645,81.23690621765682,19.008919200052983,ok,4.0478765992097075e-11,rotor_stall,False
140.0,Conversion (hover -> airplane),conversion,2133.7388888888886,43.23529411764705,43.2499281206275,38.23529411764705,5.0,1.1249999999999998,1.490523237640431,0.8252016271341837,70.14705882352942,-1.235294117647071,550.0,7178.823012148481,1448.8230121484817,0.9048692810457517,2.7050986969728203,-7.388485421403568e-12,1.2145754593323892,20.166553266765323,0.8498007819412392,2.401470824270582,-2.302893638962494e-12,4.13543292743422e-11,-1.7354128176515433e-11,1.1686411370762736e-10,1441.6321459447993,2915.606397640814,7.414484358448316,-8.784061577443449,5.21457545933239,9.78542454066761,0.7850716213302155,0.39728682170542645,76.88818947364122,23.38902769968109,ok,2.8140405785445008e-11,rotor_stall,False
142.0,Conversion (hover -> airplane),conversion,2135.9888888888886,44.88235294117647,44.90045913502814,39.88235294117647,5.0,1.275,1.6271980585172199,0.8253270275089967,67.67647058823529,-1.235294117647071,550.0,7178.598758259112,1448.5987582591124,0.9813398692810458,3.2815611797795747,-7.589836776847065e-12,1.6543631212623546,20.334401069001046,0.6342425506243804,1.8529401446204203,7.3860084369243e-12,1.0195263915877815e-11,5.754194628036916e-11,2.978547209759504e-11,1417.888365876106,2914.944819448918,6.260593433243784,-8.046070540171803,5.654363121262355,9.345636878737645,0.7885425404682623,0.39728682170542645,72.9536398787242,27.353966805806174,ok,2.1055117851474628e-11,rotor_stall,False
144.0,Conversion (hover -> airplane),conversion,2138.538888888889,46.529411764705884,46.55122752591547,41.529411764705884,5.0,1.425,1.754180218302217,0.825439326158878,65.20588235294117,-1.235294117647,550.0,7178.378197846643,1448.3781978466427,1.0611045751633987,3.7021971783956094,-1.457398009878379e-11,1.9480169600933923,20.639697572048085,0.4687745832633374,1.4220146091735406,2.57715593770596e-12,3.331897681767733e-11,2.0847281540020467e-11,1.0107218584168761e-10,1406.35726202891,2914.1951696730684,5.765258718073834,-7.34859335232022,5.948016960093392,9.051983039906608,0.7916902408597197,0.46317829457364335,69.4230288687523,30.91413208314304,ok,1.604534750738205e-11,rotor_stall,False
146.0,Conversion (hover -> airplane),conversion,2141.3888888888887,48.17647058823529,48.199816579932126,43.17647058823529,5.0,1.5,1.78335840065692,0.8231305271161907,62.735294117647065,-1.235294117647071,550.0,7178.159431161438,1448.1594311614383,1.1441633986928104,3.934306928819704,1.9829382458558923e-11,2.150948528162784,21.029812493847007,0.34592172746679506,1.0944916093208845,-1.901170563569385e-11,-4.494468899979458e-11,-1.604074035246821e-10,-1.4220438060958083e-10,1394.6543924486145,2913.3575003550723,5.211998210816549,-6.684158369242108,6.150948528162784,8.849051471837216,0.7944961680628679,0.46317829457364335,66.09729649301285,34.25054181593818,ok,1.6547068887787827e-11,rotor_stall,False
148.0,Conversion (hover -> airplane),conversion,2144.3888888888887,49.8235294117647,49.846103990632834,44.8235294117647,5.0,1.5,1.7244406072558363,0.8231564461991417,60.26470588235294,-1.235294117647071,550.0,7177.9424849226125,1447.942484922613,1.2305163398692809,3.991668578934552,-5.254632688345515e-07,2.267227971678716,21.512422539506222,0.2620222498658631,0.868785215845786,3.6344615704068593e-07,9.128272691965125e-07,3.2135352185249807e-06,3.026654555118115e-06,1385.4739428731082,2912.47594219569,4.562752847555002,-6.054075514044786,6.267227971678716,8.732772028321284,0.7969240663045573,0.46317829457364335,63.04847219098434,37.29368356503555,ok,1.995895285277297e-07,,True
150.0,Conversion (hover -> airplane),conversion,2147.3888888888887,51.47058823529411,51.49244073926965,46.47058823529411,5.0,1.5,1.669290244746379,0.8231799191889869,55.58823529411767,-2.4705882352942132,550.0,7177.726966753722,1447.7269667537216,1.3201633986928105,4.384671332626113,5.752956995650866e-11,2.7153810878797344,22.356999097825373,0.10482619736668572,0.38503889489477855,-2.849454223702904e-11,-9.908406474165415e-11,-2.7910343862102924e-10,-3.6394736953354224e-10,1356.8889916713397,2911.5945881245807,3.9878624499525257,-5.358493869314408,6.715381087879734,8.284618912120266,0.796890743260388,0.46317829457364335,57.6289486155579,42.708068591163745,ok,1.3634520596462797e-11,,True
152.0,Conversion (hover -> airplane),conversion,2150.3888888888887,53.11764705882353,53.1388222401075,48.11764705882353,5.0,1.5,1.6175572454456444,0.8232012444153006,50.64705882352941,-2.4705882352941066,550.0,7177.515895132795,1447.5158951327949,1.4131045751633988,4.604477851006988,-4.7410023087798636e-06,2.986920605561343,23.453263091217785,0.015942574335870072,0.06665817104182126,1.3639894934067673e-06,5.327134273070543e-06,1.5208090911840118e-05,2.2273506151270197e-05,1340.4618694816004,2910.7134381090036,3.6680784810460625,-12.43292995080592,6.986920605561343,8.013079394438657,0.7953724463434565,0.46317829457364335,52.9876203571511,47.34475811749687,ok,3.4338098772790187e-07,,True
154.0,Conversion (hover -> airplane),conversion,2153.3888888888887,54.764705882352935,54.785244458527536,49.764705882352935,5.0,1.5,1.56893359897141,0.823220676083735,45.705882352941195,-2.4705882352941066,550.0,7177.307378841986,1447.3073788419865,1.5093398692810458,4.665819712713978,-3.0956907284813616e-05,3.0968861137425687,24.69508354989409,-0.0189548578907694,-0.09249543780414277,6.7949126326926375e-06,2.8843047974924148e-05,8.842038242279068e-05,0.00014074757855851226,1329.7085830732808,2909.8324921162257,3.5306375199040674,-18.914119101714665,7.096886113742569,7.903113886257431,0.7925121816372105,0.39728682170542645,49.22351904558363,51.10467251965587,ok,1.832158111141817e-06,,True
156.0,Conversion (hover -> airplane),conversion,2156.3888888888887,56.41176470588235,56.43170383066449,51.41176470588235,5.0,1.5,1.5231472218796411,0.8232384318803546,40.764705882352956,-2.4705882352941066,550.0,7177.10053528462,1447.1005352846196,1.6088692810457517,4.672396540267658,5.882344745519397e-11,3.1492493183880166,26.017456856141205,-0.04183451882072746,-0.24530668540845782,-1.2907314249312525e-11,-4.972559939750087e-11,-2.018269802244713e-10,-2.9157791967015706e-10,1330.221469044241,2908.9517501135115,2.900305261033983,-27.157494911350444,7.149249318388017,7.850750681611983,0.7883535099958896,0.39728682170542645,45.75252711867229,54.57189258110412,ok,1.9615521454335044e-11,,True
158.0,Conversion (hover -> airplane),conversion,2159.3888888888887,58.05882352941176,58.07819719670521,53.05882352941176,5.0,1.5,1.4799568689847198,0.8232546990899784,35.82352941176472,-2.4705882352941066,550.0,7176.89361194499,1446.8936119449904,1.7116928104575164,4.606598123062314,2.0362993067773076e-10,3.126641254077594,27.338382794968652,-0.04710348001827728,-0.3437555774396636,-2.120320030084141e-11,-1.3012455050585275e-10,-4.1263580299694147e-10,-9.496334449356897e-10,1306.5251224793424,2908.071212068127,2.7696396162820847,-30.960198025698286,7.126641254077594,7.873358745922406,0.782807326911587,0.18087855297157623,42.78310788467714,57.53791676275029,ok,1.7500119157122368e-11,,True
160.0,Conversion (hover -> airplane),conversion,2162.3888888888887,59.70588235294118,59.724721745214126,54.70588235294118,5.0,1.5,1.4391478855866333,0.823269639552037,30.882352941176457,-2.4705882352942132,550.0,7176.690374703716,1446.6903747037159,1.8178104575163396,4.593085354582868,-5.6885890159010115e-06,3.1539374689962347,28.6536769685505,-0.07344873944161652,-0.6969808435115019,3.9053193947205023e-07,2.6224837192069672e-06,9.882385371919612e-06,2.4885667590809564e-05,1309.302529944018,2907.1908779473547,2.6281719316416363,-26.160780459751457,7.153937468996235,7.846062531003765,0.7760676492841221,0.18087855297157623,39.42880295265613,60.88917271624113,ok,3.130616744637353e-07,,True
162.0,Conversion (hover -> airplane),conversion,2165.3888888888887,61.35294117647058,61.371274966416166,56.35294117647058,5.0,1.5,1.4005286428617671,0.8232833936979126,25.94117647058826,-2.4705882352941066,550.0,7176.48670542128,1446.48670542128,1.9272222222222222,4.597848832499173,2.0531108595156224e-06,3.1973201896374057,29.901371097364677,-0.0980410899539938,-1.280840226605308,-8.382983392030932e-08,-6.336125996322447e-07,-2.9204795261567548e-06,-8.277718108537644e-06,1304.3543793338506,2906.3107477184635,2.4612102404965093,-26.208385890112368,7.197320189637407,7.802679810362593,0.768083399822863,0.07751937984496125,35.95659565188873,64.35864959314944,ok,1.494173642983278e-07,,True
164.0,Conversion (hover -> airplane),conversion,2168.3888888888887,62.999999999999986,63.0178546128,57.999999999999986,5.0,1.5,1.3639275316029191,0.8232960838615703,21.000000000000043,-2.4705882352941066,550.0,7176.283805851162,1446.2838058511613,2.0399281045751634,4.651705804433484,-2.853596299816365e-10,3.287778272830565,31.064659644060193,-0.11483351199482578,-2.2353747049919543,6.845938116720622e-12,5.726408853276216e-11,3.553721472003068e-10,1.1147154936472217e-09,1299.4533618922733,2905.4308213487343,2.109819121447028,-22.83421074807471,7.287778272830565,7.712221727169435,0.7589274529130182,0.0,32.12833194432365,68.18447766145428,ok,3.306584464333522e-11,,True
166.0,Conversion (hover -> airplane),conversion,2171.3888888888887,64.60130718954248,64.61871935126564,59.60130718954248,5.0,1.5,1.3301314298045852,0.7775681974548825,16.196078431372555,-2.3333333333332695,550.0,7176.0816686615335,1446.0816686615337,2.155928104575163,4.79446901300318,1.6489084740940672e-11,3.464337583198595,32.071735964987134,-0.11272774483902344,-3.6223863155180185,5.364505772265574e-13,-1.7133781963818765e-12,4.596871829373046e-11,-5.5057588003234113e-11,1290.521715411806,2904.551098805448,1.6382428940568474,-17.754571527098605,7.464337583198595,7.535662416801405,0.7490846120644606,0.0,27.608578389938412,72.69129467778168,ok,8.783502531176347e-12,,True
168.0,Conversion (hover -> airplane),conversion,2174.3888888888887,66.03485838779956,66.05189264734767,61.03485838779956,5.0,1.5,1.3012656360116692,0.6860975248566342,11.895424836601322,-2.0588235294115957,550.0,7175.880920839136,1445.8809208391363,2.275130718954248,4.9812139721893285,-6.072034337975681e-26,3.6799483361776595,32.846361754376844,-0.08795926249140044,-5.1755419084007706,4.430790553856517e-28,-2.3926168439581484e-28,6.952231157712777e-26,-1.4078208929800482e-26,1263.6885886011594,2903.67158005589,1.2280361757105942,-13.350384998908865,7.679948336177659,7.320051663822341,0.7394471598123034,0.0,22.951890548895385,77.32534306473568,ok,3.5774644209263537e-12,,True
170.0,Conversion (hover -> airplane),conversion,2177.3888888888887,67.25490196078431,67.27162728635831,62.25490196078431,5.0,1.5,1.2776678072392824,0.5488830898613624,8.235294117647072,-1.6470588235294044,550.0,7175.684347058687,1445.684347058687,2.3972004357298475,5.177025345552901,5.944831958845531e-25,3.8993575383136183,33.39099096062984,-0.05441775045332862,-6.6307157960172445,6.301123428828406e-29,3.5325328286601486e-28,2.0474181459360544e-26,4.304334712813101e-26,1215.8382222596213,2902.7922650673468,0.9502583979328164,-9.728635801951357,7.89935753831362,7.10064246168638,0.7306429955455428,0.0,18.498888339654908,81.74641803043825,ok,3.721842692328055e-11,,True
172.0,Conversion (hover -> airplane),conversion,2180.3888888888887,68.23093681917211,68.24742294930891,63.230936819172115,5.0,1.5,1.259396861110896,0.411665238258578,5.3071895424836555,-1.2352941176472132,550.0,7175.495216668558,1445.4952166685578,2.521710239651416,5.347528867330389,3.734698771102428e-25,4.088132006219492,33.7622095522208,-0.026806408536646217,-7.833162511188485,3.2867823868729714e-29,1.6969147437257757e-28,2.56116871357748e-26,4.958593739651617e-26,1166.7979355893021,2901.9131538071083,0.6841085271317829,-6.900040620880344,8.088132006219494,6.911867993780506,0.7231926464970598,0.0,14.684446117921857,85.53003649105061,ok,1.4404424130983334e-11,,True
174.0,Conversion (hover -> airplane),conversion,2183.3888888888887,68.99346405228759,69.00976801826174,63.99346405228759,5.0,1.5,1.2454822065189532,0.3201857742327971,3.019607843137223,-0.9607843137255392,550.0,7175.313714767466,1445.313714767466,2.64817211328976,5.4831887433877124,-1.2452884634058556e-24,4.237706536868759,34.041920753795395,-0.009778380145540933,-8.809539843665615,-4.0980164076584114e-30,5.259122006904714e-29,-9.845294970039938e-27,4.7380490605750296e-26,1138.7895474136503,2901.034246242469,0.5264857881136951,-4.7029907099465245,8.23770653686876,6.76229346313124,0.7171261379789657,0.0,11.636607051626184,88.55791119471155,ok,2.860715686702958e-11,,True
176.0,Conversion (hover -> airplane),conversion,2186.3888888888887,69.54248366013071,69.55865894063476,64.54248366013071,5.0,1.5,1.2356525129138765,0.22870497414238836,1.3725490196078596,-0.6862745098038653,550.0,7175.136569726757,1445.1365697267572,2.7761590413943353,5.585351575426022,-5.328819207073516e-25,4.349699062512145,34.20564017934727,-0.0021739785377591007,-9.472571130588628,1.0273376820460693e-30,1.5802240851743208e-29,1.1936982939241622e-26,6.885433682575662e-26,1106.3758413677049,2900.155542340723,0.3359173126614987,-3.164691943440607,8.349699062512146,6.650300937487854,0.7126247582838529,0.0,9.31565079483605,90.85913913284122,ok,3.0781351039745215e-11,,True
178.0,Conversion (hover -> airplane),conversion,2189.3888888888887,69.87799564270153,69.89409327719628,64.87799564270153,5.0,1.5,1.229721481123094,0.13722329014314016,0.3660130718953951,-0.4117647058824044,550.0,7174.9644668181,1444.9644668181,2.9052440087145968,5.647631447772837,-7.957111488427752e-26,4.417909966649743,34.26833051520081,-0.00016003939119218062,-9.804487097285444,5.026942047488974e-32,1.1743949966279067e-31,8.212409553465889e-27,7.194691572981611e-27,1068.1205275940158,2899.2770420691727,0.2842377260981912,-2.258707115427534,8.417909966649743,6.582090033350257,0.7098071134622645,0.0,7.826874750628995,92.328219287135,ok,2.3591164328138125e-11,,True
180.0,Conversion (hover -> airplane),conversion,2192.3888888888887,70.0,70.01606958406049,65.0,5.0,1.5,1.2275788321345442,0.045741132715306734,0.0,-0.1372549019609436,550.0,7174.79831473603,1444.7983147360299,3.035,5.66948350848538,2.079531978378849e-24,4.441904676350835,34.23839209621,-0.0,-9.813825966707874,0.0,0.0,5.330679427234182e-26,1.5385286580237008e-25,1023.3454288133134,2898.398745395118,0.2842377260981912,-1.974716619942702,8.441904676350836,6.558095323649164,0.7087552386700146,0.0,7.209550972474083,92.92568871831925,ok,1.3462011739465597e-11,,True
180.0,Airplane accel. + RPM reduction,airplane,2192.3888888888887,70.0,70.01606958406049,65.0,5.0,1.5,1.2275788321345442,0.015800802958665372,0.0,0.0,550.0,7174.79831473603,1444.7983147360299,3.035,5.6686208214168845,2.0374800812364729e-25,4.441041989282341,34.21175264951934,-0.0,-9.75703952982259,0.0,-0.0,5.938840913477406e-27,-5.852654925321828e-27,1007.5316326627806,2898.398745395118,0.2842377260981912,-1.9964268806388368,8.44104198928234,6.55895801071766,0.7087369573789459,0.0,7.1700040007129475,92.95869491147329,ok,4.8912572714135616e-11,,True
185.0,Airplane accel. + RPM reduction,airplane,2199.8888888888887,70.40849673202614,70.42192156611274,65.40849673202614,5.0,1.375,1.1187809367424162,0.16287942177524886,0.0,0.0,516.6666666666666,7174.406496878883,1444.4064968788832,3.36,5.463698264353641,-2.1020272201433375e-25,4.344917327611225,36.02680226744697,-0.0,-9.750662580173234,-0.0,-0.0,-3.360678356032258e-27,-1.4688931997051818e-26,1041.4827105725537,2896.203894234476,0.2842377260981912,-1.825712091349867,8.344917327611224,6.655082672388776,0.670987144903487,0.0,7.4010761536264225,92.7467475194409,ok,1.6493931956141143e-11,,True
190.0,Airplane accel. + RPM reduction,airplane,2206.7638888888887,71.61764705882354,71.6285548523926,66.61764705882354,5.0,1.25,0.9999274764562817,0.29363657939877397,0.0,0.0,483.33333333333337,7174.001475824772,1444.0014758247717,3.6870424836601305,5.08239423376218,-1.136027032441792e-25,4.082466757305899,38.30865961113041,-0.0,-9.443538611475429,-0.0,-0.0,-6.032001871165938e-27,-2.1816480394333025e-26,1092.3298733222555,2894.1930645636266,0.23255813953488372,-1.2680738990178557,8.082466757305898,6.917533242694102,0.6339305590800994,0.0,7.52227585578648,92.63661057447861,ok,2.282612538225631e-11,,True
195.0,Airplane accel. + RPM reduction,airplane,2213.0138888888887,73.08823529411765,73.09689298053854,68.08823529411765,5.0,1.125,0.8818472887565024,0.2936980480387298,0.0,0.0,450.0,7173.576680874035,1443.5766808740352,4.020130718954248,4.660289468157567,-2.7760795924333744e-25,3.778442179401064,40.77233970131368,-0.0,-8.850298658710571,-0.0,-0.0,-4.543035762132745e-27,-3.1565079659499617e-26,1084.965304471747,2892.3659645908697,0.12919896640826875,-0.49406801123006044,7.778442179401063,7.221557820598937,0.5974397429174395,0.0,7.453595584246222,92.69037846061349,ok,1.0458573885113033e-11,,True
200.0,Airplane accel. + RPM reduction,airplane,2218.6388888888887,74.55882352941177,74.56552934225013,69.55882352941177,5.0,1.0,0.7684180297693015,0.29375592088219543,0.0,0.0,416.6666666666667,7173.154749922296,1443.154749922296,4.360571895424837,4.261540515088083,-2.0285649404108083e-25,3.4931224853187817,43.4831063187918,-0.0,-8.31169737879282,0.0,0.0,2.9436212014116124e-27,1.2561380066141135e-27,1082.7667122440814,2890.7223292062226,0.0,0.5713896375423055,7.493122485318782,7.506877514681218,0.5615989666846057,0.0,7.381568567425788,92.7473121695684,ok,4.852944893877253e-12,,True
205.0,Airplane accel. + RPM reduction,airplane,2223.6388888888887,76.02941176470588,76.03444665602031,71.02941176470588,5.0,0.875,0.6593710601483543,0.29381047238968444,0.0,0.0,383.3333333333333,7172.733673978646,1442.7336739786456,4.708366013071895,3.884432290441325,3.1452662704312335e-25,3.225061230292971,46.46806116709392,-0.0,-7.820571479651458,0.0,0.0,2.8969812853549646e-28,2.7595452743167673e-27,1084.896158721459,2889.261919937043,0.0,1.9713300421704432,7.225061230292971,7.774938769707029,0.526512768368297,0.0,7.303760392082092,92.8098313142241,ok,1.0307347079592485e-12,,True
210.0,Airplane accel. + RPM reduction,airplane,2228.0138888888887,77.5,77.50362894729511,72.5,5.0,0.75,0.5544579772609138,0.29386195138355214,0.0,0.0,350.0,7172.311769916921,1442.3117699169206,5.063513071895425,3.527221251366811,3.688428493046876e-20,2.9727632741058967,49.75762297869788,-0.0,-7.370162169354981,-0.0,-0.0,-3.1853633129468942e-22,-4.708486640861754e-21,1091.0379396640392,2887.9845249081195,0.0,3.7477015993041536,6.972763274105897,8.027236725894102,0.49236334797723713,0.0,7.220245021079896,92.87784796706545,ok,2.955147692449959e-11,,True
215.0,Airplane accel. + RPM reduction,airplane,2231.7638888888887,78.97058823529412,78.97306142747901,73.97058823529412,5.0,0.625,0.4534487503857254,0.29391058386328434,0.0,0.0,350.0,7171.887477384829,1441.887477384829,5.426013071895425,3.2051266892331713,-2.0537256141868897e-20,2.7516779388474464,50.254287351768916,-0.0,-7.034215815990846,0.0,0.0,1.0715255049875756e-21,6.43239299460279e-22,1119.7450283880942,2886.8899588061813,0.0,4.190795550655235,6.751677938847447,8.248322061152553,0.49392875909891126,0.0,6.936095224531487,93.14627614466174,ok,1.1405023517476076e-10,,True
220.0,Airplane accel. + RPM reduction,airplane,2234.8888888888887,80.44117647058823,80.44273038610957,75.44117647058823,5.0,0.5,0.3561300578015561,0.29395657546598836,0.0,0.0,350.0,7171.452020984901,1441.4520209849004,5.795866013071896,2.898619405053373,5.075716586442788e-27,2.542489347251817,50.74484989332999,-0.0,-6.721696373905388,0.0,0.0,8.740418970375362e-27,4.3238253813540926e-27,1149.9700732554759,2885.978062848877,0.0,4.625876584358021,6.542489347251817,8.457510652748184,0.49554081035482844,0.0,6.6475618932888825,93.41885245523765,ok,5.2164837743338605e-11,,True
225.0,Airplane accel. + RPM reduction,airplane,2237.3888888888887,81.91176470588235,81.91262309456238,76.91176470588235,5.0,0.375,0.2623038007893526,0.294000113626443,0.0,0.0,350.0,7171.0048104008565,1441.0048104008565,6.173071895424837,2.6066784999201627,7.931247918856688e-21,2.3443746991308103,51.229303723019655,-0.0,-6.4306265779755165,-0.0,-0.0,-6.194029651602551e-22,-6.548487019799405e-23,1181.7409613385223,2885.248704758195,0.0,5.053264004777031,6.34437469913081,8.65562530086919,0.4971982937367725,0.0,6.35407900495515,93.69613092731855,ok,4.003641534443088e-11,,True
230.0,Airplane accel. + RPM reduction,airplane,2239.2638888888887,83.38235294117646,83.38272771987565,78.38235294117646,5.0,0.25,0.17178577303141135,0.29404136947164233,0.0,0.0,350.0,7170.545244471447,1440.5452444714472,6.557630718954249,2.328365247910683,-9.296634242196865e-25,2.1565794748792717,51.70765324147145,-0.0,-6.1592261220689,-0.0,-0.0,-3.969131928598597e-27,-3.0875544445713427e-26,1215.0871554738947,2884.7017787382906,0.0,5.473251190140863,6.156579474879273,8.843420525120727,0.4989000386058514,0.0,6.0551344541948,93.97861220632974,ok,3.785525727517831e-11,,True
235.0,Airplane accel. + RPM reduction,airplane,2240.5138888888887,84.59150326797385,84.59159562353479,79.59150326797385,5.0,0.125,0.08466532629845322,0.1633615717521999,0.0,0.0,350.0,7170.072710577651,1440.0727105776518,6.949542483660131,2.0878906488012268,-2.2304083434182393e-25,2.0032253225027734,51.882321879620754,-0.0,-5.764357755011921,0.0,-0.0,2.8175522059676986e-27,-9.871031287825425e-27,1156.749189814599,2884.337205457788,0.0,5.617088916846374,6.003225322502774,8.996774677497225,0.5002120292096811,0.0,5.705356419718531,94.30966226300238,ok,1.456102845295447e-11,,True
240.0,Airplane accel. + RPM reduction,airplane,2241.1388888888887,85.0,85.0,80.0,5.0,0.0,0.0,0.016339648690196388,0.0,0.0,350.0,7169.622863670502,1439.6228636705016,7.3475,1.9474339630939355,3.565958220492681e-25,1.9474339630939355,51.76146989694907,-0.0,-5.480545925327261,-0.0,0.0,-1.4374018818918143e-27,1.757086269516003e-26,1063.618379797667,2884.154932036484,0.0,5.500840341697901,5.9474339630939355,9.052566036906065,0.5005610298525083,0.0,5.496606531819047,94.50339346818359,ok,8.453144080766414e-12,,True
240.0,Airplane cruise,airplane,2241.1388888888887,85.0,85.0,80.0,5.0,0.0,0.0,0.0,0.0,0.0,350.0,7169.622863670502,1439.6228636705016,7.3475,1.9466608518097452,1.9601944997465592e-25,1.9466608518097452,51.735317266930295,-0.0,-5.457985346018295,0.0,0.0,4.843269843173482e-27,7.195132345041135e-27,1053.0055725574286,2884.154932036484,0.0,5.476906274449925,5.946660851809746,9.053339148190254,0.5005461744770409,0.0,5.4854952970305195,94.51450470285835,ok,7.060787298452535e-11,,True
250.0,Airplane cruise,airplane,2241.1388888888887,85.0,85.0,80.0,5.0,0.0,0.0,0.0,0.0,0.0,350.0,7168.803859336291,1438.8038593362903,8.1475,1.9461271508350002,7.981487284956365e-26,1.9461271508350002,51.735261634252566,-0.0,-5.457841701436497,0.0,0.0,6.2467094712621124e-27,1.7238569554049308e-26,1052.9799014033458,2884.154932036484,0.0,5.477387507356327,5.946127150835,9.053872849165,0.5005441378269586,0.0,5.484597076028115,94.51540292399638,ok,1.9186650525372892e-11,,True
260.0,Airplane cruise,airplane,2241.1388888888887,85.0,85.0,80.0,5.0,0.0,0.0,0.0,0.0,0.0,350.0,7167.9848749685325,1437.9848749685323,8.9475,1.9455934632674516,1.7279023358302744e-25,1.9455934632674516,51.73520600850806,-0.0,-5.457698080117763,-0.0,-0.0,-6.08839359315023e-28,-8.676821141198546e-27,1052.9542335221363,2884.154932036484,0.0,5.477868733376027,5.945593463267452,9.054406536732548,0.5005421012234018,0.0,5.483698686562876,94.5163013134537,ok,1.5427227611289582e-11,,True
270.0,Airplane cruise,airplane,2241.1388888888887,85.0,85.0,80.0,5.0,0.0,0.0,0.0,0.0,0.0,350.0,7167.165910564681,1437.1659105646818,9.7475,1.945059789139912,2.6870861812532964e-26,1.945059789139912,51.73515038857968,-0.0,-5.457554482229633,0.0,0.0,4.503652648620978e-28,5.862897815794694e-28,1052.9285691762684,2884.154932036484,0.0,5.478349951822102,5.945059789139912,9.054940210860089,0.5005400646673079,0.0,5.482800128259341,94.51719987174218,ok,1.1629534029651347e-12,,True
280.0,Airplane cruise,airplane,2241.1388888888887,85.0,85.0,80.0,5.0,0.0,0.0,0.0,0.0,0.0,350.0,7166.34696612199,1436.3469661219892,10.5475,1.9445261284267805,2.998785170777594e-26,1.9445261284267805,51.73509477486037,-0.0,-5.457410907665942,0.0,-0.0,7.453647690878358e-28,-6.882804088623054e-27,1052.9029084666831,2884.154932036484,0.0,5.478831162187658,5.944526128426781,9.05547387157322,0.5005380281579346,0.0,5.48190140141018,94.51809859858639,ok,2.694115409123419e-12,,True
290.0,Airplane cruise,airplane,2241.1388888888887,85.0,85.0,80.0,5.0,0.0,0.0,0.0,0.0,0.0,350.0,7165.528041637626,1435.5280416376263,11.3475,1.9439924811319933,-8.347086684144176e-25,1.9439924811319933,51.73503916770932,-0.0,-5.457267356405786,0.0,0.0,3.598698548453364e-27,5.404873462593121e-26,1052.8772514101124,2884.154932036484,0.0,5.479312358288555,5.943992481131993,9.056007518868007,0.5005359916953213,0.0,5.481002505845994,94.51899749417203,ok,1.0832532115113429e-11,,True
300.0,Airplane cruise,airplane,2241.1388888888887,85.0,85.0,80.0,5.0,0.0,0.0,0.0,0.0,0.0,350.0,7164.709137108752,1434.7091371087517,12.1475,1.9434588472403806,2.426926081486499e-25,1.9434588472403806,51.734983567380176,-0.0,-5.457123828448089,0.0,-0.0,5.0757923486047745e-28,-1.850333934095362e-26,1052.8515978628343,2884.154932036484,0.0,5.479793546931839,5.943458847240381,9.05654115275962,0.5005339552795951,0.0,5.48010344168541,94.51989655830207,ok,9.857111792531904e-12,,True
